8036	page	servizi	Servizi	publish
8041	revision	8036-revision-v1	SERVIZI	inherit
8042	revision	8036-revision-v1	SERVIZI	inherit
8043	revision	8036-revision-v1	SERVIZI	inherit
8044	revision	8036-revision-v1	SERVIZI	inherit
8045	revision	8036-revision-v1	SERVIZI	inherit
8046	revision	8036-revision-v1	SERVIZI	inherit
8087	revision	8036-revision-v1	Servizi	inherit
8089	revision	8036-revision-v1	Servizi	inherit
8090	revision	8036-revision-v1	Servizi	inherit
8091	revision	8036-revision-v1	Servizi	inherit
8562	revision	8036-autosave-v1	Servizi	inherit
8563	revision	8036-revision-v1	Servizi	inherit
8573	revision	8036-revision-v1	Servizi	inherit
